Timestamp,Memory_Percent,Used_GB,Total_GB
2025-07-13 16:02:39.297586,34.9,5.356880187988281,15.366016387939453
2025-07-13 16:02:40.341921,34.9,5.3561248779296875,15.366016387939453
2025-07-13 16:02:41.389044,34.8,5.35211181640625,15.366016387939453
2025-07-13 16:02:42.431829,34.8,5.3523101806640625,15.366016387939453
2025-07-13 16:02:43.475738,34.8,5.353786468505859,15.366016387939453
2025-07-13 16:02:44.521788,34.8,5.353694915771484,15.366016387939453
2025-07-13 16:02:45.564669,34.8,5.353809356689453,15.366016387939453
2025-07-13 16:02:46.608744,34.8,5.353794097900391,15.366016387939453
2025-07-13 16:02:47.649500,34.8,5.353782653808594,15.366016387939453
2025-07-13 16:02:48.671385,34.8,5.354175567626953,15.366016387939453
2025-07-13 16:02:49.704266,34.9,5.36273193359375,15.366016387939453
2025-07-13 16:02:50.718478,34.9,5.362598419189453,15.366016387939453
2025-07-13 16:02:51.744084,34.9,5.361980438232422,15.366016387939453
2025-07-13 16:02:52.760128,34.8,5.353614807128906,15.366016387939453
2025-07-13 16:02:53.775991,34.8,5.353824615478516,15.366016387939453
2025-07-13 16:02:54.792418,34.8,5.353504180908203,15.366016387939453
2025-07-13 16:02:55.804606,34.8,5.353420257568359,15.366016387939453
2025-07-13 16:02:56.819057,34.8,5.3532257080078125,15.366016387939453
2025-07-13 16:02:57.833024,34.8,5.3534088134765625,15.366016387939453
2025-07-13 16:02:58.847735,34.8,5.353309631347656,15.366016387939453
2025-07-13 16:02:59.873629,34.8,5.353107452392578,15.366016387939453
2025-07-13 16:03:00.892530,34.8,5.353572845458984,15.366016387939453
2025-07-13 16:03:01.908942,34.8,5.353504180908203,15.366016387939453
2025-07-13 16:03:02.929392,34.8,5.353328704833984,15.366016387939453
2025-07-13 16:03:03.947889,34.8,5.354095458984375,15.366016387939453
2025-07-13 16:03:04.956456,34.8,5.354175567626953,15.366016387939453
2025-07-13 16:03:05.974395,34.8,5.353904724121094,15.366016387939453
2025-07-13 16:03:06.987441,34.8,5.353748321533203,15.366016387939453
2025-07-13 16:03:08.001681,34.8,5.353614807128906,15.366016387939453
2025-07-13 16:03:09.016290,34.8,5.353889465332031,15.366016387939453
2025-07-13 16:03:10.031306,34.8,5.3538665771484375,15.366016387939453
2025-07-13 16:03:11.046198,34.8,5.353935241699219,15.366016387939453
2025-07-13 16:03:12.067832,34.8,5.353797912597656,15.366016387939453
2025-07-13 16:03:13.083414,34.8,5.353660583496094,15.366016387939453
2025-07-13 16:03:14.096918,34.8,5.354091644287109,15.366016387939453
2025-07-13 16:03:15.111089,34.8,5.3540191650390625,15.366016387939453
2025-07-13 16:03:16.122760,34.8,5.353771209716797,15.366016387939453
2025-07-13 16:03:17.138446,34.8,5.354145050048828,15.366016387939453
2025-07-13 16:03:18.150135,34.8,5.353996276855469,15.366016387939453
2025-07-13 16:03:19.166533,34.8,5.3541107177734375,15.366016387939453
2025-07-13 16:03:20.178869,34.8,5.3533782958984375,15.366016387939453
2025-07-13 16:03:21.193829,34.8,5.352958679199219,15.366016387939453
2025-07-13 16:03:22.204644,34.8,5.352897644042969,15.366016387939453
2025-07-13 16:03:23.219917,34.8,5.353096008300781,15.366016387939453
2025-07-13 16:03:24.229431,34.8,5.353122711181641,15.366016387939453
2025-07-13 16:03:25.241793,34.8,5.353202819824219,15.366016387939453
2025-07-13 16:03:26.253584,34.8,5.3527984619140625,15.366016387939453
2025-07-13 16:03:27.268949,34.8,5.353065490722656,15.366016387939453
2025-07-13 16:03:28.282832,34.8,5.3527374267578125,15.366016387939453
2025-07-13 16:03:29.296706,34.8,5.353176116943359,15.366016387939453
2025-07-13 16:03:30.311805,34.8,5.352603912353516,15.366016387939453
2025-07-13 16:03:31.329822,34.8,5.353496551513672,15.366016387939453
2025-07-13 16:03:32.344164,34.8,5.353202819824219,15.366016387939453
2025-07-13 16:03:33.359161,34.8,5.353473663330078,15.366016387939453
2025-07-13 16:03:34.370053,34.8,5.353187561035156,15.366016387939453
2025-07-13 16:03:35.386255,34.8,5.353248596191406,15.366016387939453
2025-07-13 16:03:36.398477,34.8,5.352939605712891,15.366016387939453
2025-07-13 16:03:37.410905,34.8,5.3533172607421875,15.366016387939453
2025-07-13 16:03:38.420498,34.8,5.353271484375,15.366016387939453
2025-07-13 16:03:39.433518,34.8,5.353328704833984,15.366016387939453
2025-07-13 16:03:40.450732,34.8,5.353084564208984,15.366016387939453
2025-07-13 16:03:41.461990,34.8,5.353363037109375,15.366016387939453
2025-07-13 16:03:42.477560,34.8,5.352691650390625,15.366016387939453
2025-07-13 16:03:43.490373,34.8,5.353126525878906,15.366016387939453
2025-07-13 16:03:44.501478,34.8,5.352802276611328,15.366016387939453
2025-07-13 16:03:45.521210,34.8,5.353557586669922,15.366016387939453
2025-07-13 16:03:46.531718,34.8,5.3527374267578125,15.366016387939453
2025-07-13 16:03:47.567012,34.8,5.353466033935547,15.366016387939453
2025-07-13 16:03:48.595724,34.8,5.353584289550781,15.366016387939453
2025-07-13 16:03:49.639149,34.9,5.3596038818359375,15.366016387939453
2025-07-13 16:03:50.658903,34.9,5.360485076904297,15.366016387939453
2025-07-13 16:03:51.718249,34.9,5.360321044921875,15.366016387939453
2025-07-13 16:03:52.774208,34.9,5.360443115234375,15.366016387939453
2025-07-13 16:03:53.813911,34.9,5.360347747802734,15.366016387939453
2025-07-13 16:03:54.863100,34.9,5.360740661621094,15.366016387939453
2025-07-13 16:03:55.881893,34.9,5.360004425048828,15.366016387939453
2025-07-13 16:03:56.950393,34.9,5.360206604003906,15.366016387939453
2025-07-13 16:03:57.992600,34.9,5.359748840332031,15.366016387939453
2025-07-13 16:03:59.032751,34.9,5.359886169433594,15.366016387939453
2025-07-13 16:04:00.041712,34.9,5.360816955566406,15.366016387939453
2025-07-13 16:04:01.072328,34.9,5.359611511230469,15.366016387939453
2025-07-13 16:04:02.094304,34.9,5.360725402832031,15.366016387939453
2025-07-13 16:04:03.108955,34.9,5.360828399658203,15.366016387939453
2025-07-13 16:04:04.125862,34.9,5.360225677490234,15.366016387939453
2025-07-13 16:04:05.137733,34.9,5.360382080078125,15.366016387939453
2025-07-13 16:04:06.147697,34.9,5.360553741455078,15.366016387939453
2025-07-13 16:04:07.159834,34.9,5.360298156738281,15.366016387939453
2025-07-13 16:04:08.174545,34.9,5.360603332519531,15.366016387939453
2025-07-13 16:04:09.186053,34.9,5.360267639160156,15.366016387939453
2025-07-13 16:04:10.207907,34.9,5.360649108886719,15.366016387939453
2025-07-13 16:04:11.220067,34.9,5.360557556152344,15.366016387939453
2025-07-13 16:04:12.235440,34.9,5.360210418701172,15.366016387939453
2025-07-13 16:04:13.242956,34.9,5.359378814697266,15.366016387939453
2025-07-13 16:04:14.256569,34.9,5.3592681884765625,15.366016387939453
2025-07-13 16:04:15.263838,34.9,5.360851287841797,15.366016387939453
2025-07-13 16:04:16.279932,34.9,5.360904693603516,15.366016387939453
2025-07-13 16:04:17.295489,34.9,5.360889434814453,15.366016387939453
2025-07-13 16:04:18.317759,34.9,5.360832214355469,15.366016387939453
2025-07-13 16:04:19.328159,34.9,5.360782623291016,15.366016387939453
2025-07-13 16:04:20.359089,34.9,5.360912322998047,15.366016387939453
2025-07-13 16:04:21.374635,34.9,5.360607147216797,15.366016387939453
2025-07-13 16:04:22.387334,34.9,5.360736846923828,15.366016387939453
2025-07-13 16:04:23.400559,34.9,5.361736297607422,15.366016387939453
2025-07-13 16:04:24.416059,34.9,5.361568450927734,15.366016387939453
2025-07-13 16:04:25.428436,34.9,5.3615264892578125,15.366016387939453
2025-07-13 16:04:26.442419,34.9,5.361763000488281,15.366016387939453
2025-07-13 16:04:27.458481,34.9,5.361919403076172,15.366016387939453
2025-07-13 16:04:28.468723,34.9,5.361480712890625,15.366016387939453
2025-07-13 16:04:29.482466,34.9,5.361324310302734,15.366016387939453
2025-07-13 16:04:30.502374,34.9,5.361362457275391,15.366016387939453
2025-07-13 16:04:31.516745,34.9,5.361690521240234,15.366016387939453
2025-07-13 16:04:32.536229,34.9,5.36151123046875,15.366016387939453
2025-07-13 16:04:33.549303,34.9,5.362155914306641,15.366016387939453
2025-07-13 16:04:34.571086,34.9,5.361751556396484,15.366016387939453
2025-07-13 16:04:35.582556,34.9,5.361915588378906,15.366016387939453
2025-07-13 16:04:36.598321,34.9,5.361900329589844,15.366016387939453
2025-07-13 16:04:37.609325,34.9,5.3619232177734375,15.366016387939453
2025-07-13 16:04:38.631861,34.9,5.361545562744141,15.366016387939453
2025-07-13 16:04:39.642891,35.0,5.384830474853516,15.366016387939453
2025-07-13 16:04:40.650154,35.1,5.389995574951172,15.366016387939453
2025-07-13 16:04:41.660072,35.0,5.380481719970703,15.366016387939453
2025-07-13 16:04:42.685481,35.0,5.3769683837890625,15.366016387939453
2025-07-13 16:04:43.705841,35.0,5.3756866455078125,15.366016387939453
2025-07-13 16:04:44.716405,35.0,5.375804901123047,15.366016387939453
2025-07-13 16:04:45.727292,35.0,5.3758087158203125,15.366016387939453
2025-07-13 16:04:46.748113,35.0,5.375736236572266,15.366016387939453
2025-07-13 16:04:47.759121,35.0,5.3752288818359375,15.366016387939453
2025-07-13 16:04:48.769799,35.0,5.375755310058594,15.366016387939453
2025-07-13 16:04:49.783219,35.0,5.3754119873046875,15.366016387939453
2025-07-13 16:04:50.801414,35.0,5.374835968017578,15.366016387939453
2025-07-13 16:04:51.813101,35.0,5.374500274658203,15.366016387939453
2025-07-13 16:04:52.823384,35.0,5.374492645263672,15.366016387939453
2025-07-13 16:04:53.843697,35.0,5.374732971191406,15.366016387939453
2025-07-13 16:04:54.852389,35.0,5.374767303466797,15.366016387939453
2025-07-13 16:04:55.875015,35.0,5.3747100830078125,15.366016387939453
2025-07-13 16:04:56.919812,35.0,5.374721527099609,15.366016387939453
2025-07-13 16:04:57.969936,35.0,5.374523162841797,15.366016387939453
2025-07-13 16:04:59.008124,35.0,5.3747711181640625,15.366016387939453
2025-07-13 16:05:00.016543,35.0,5.374401092529297,15.366016387939453
2025-07-13 16:05:01.029714,35.0,5.375640869140625,15.366016387939453
2025-07-13 16:05:02.041093,35.0,5.375324249267578,15.366016387939453
2025-07-13 16:05:03.051104,35.0,5.3753662109375,15.366016387939453
2025-07-13 16:05:04.067315,35.0,5.375385284423828,15.366016387939453
2025-07-13 16:05:05.077207,35.0,5.374767303466797,15.366016387939453
2025-07-13 16:05:06.090786,35.0,5.374927520751953,15.366016387939453
2025-07-13 16:05:07.104449,35.0,5.374794006347656,15.366016387939453
2025-07-13 16:05:08.115498,35.0,5.374927520751953,15.366016387939453
2025-07-13 16:05:09.128503,35.0,5.374637603759766,15.366016387939453
2025-07-13 16:05:10.137440,35.0,5.374622344970703,15.366016387939453
2025-07-13 16:05:11.149875,35.0,5.374473571777344,15.366016387939453
2025-07-13 16:05:12.166143,35.0,5.374507904052734,15.366016387939453
2025-07-13 16:05:13.179037,35.0,5.3741912841796875,15.366016387939453
2025-07-13 16:05:14.201354,35.0,5.373973846435547,15.366016387939453
2025-07-13 16:05:15.222229,35.0,5.373149871826172,15.366016387939453
2025-07-13 16:05:16.251473,35.0,5.373996734619141,15.366016387939453
2025-07-13 16:05:17.269411,35.0,5.373786926269531,15.366016387939453
2025-07-13 16:05:18.283571,35.0,5.3736572265625,15.366016387939453
2025-07-13 16:05:19.296228,35.0,5.373271942138672,15.366016387939453
2025-07-13 16:05:20.307965,35.0,5.373493194580078,15.366016387939453
2025-07-13 16:05:21.322951,35.0,5.373466491699219,15.366016387939453
2025-07-13 16:05:22.339440,35.0,5.373390197753906,15.366016387939453
2025-07-13 16:05:23.349540,35.0,5.373943328857422,15.366016387939453
2025-07-13 16:05:24.359422,35.0,5.374000549316406,15.366016387939453
2025-07-13 16:05:25.375737,35.0,5.373622894287109,15.366016387939453
2025-07-13 16:05:26.385192,35.0,5.374858856201172,15.366016387939453
2025-07-13 16:05:27.399640,35.0,5.374370574951172,15.366016387939453
2025-07-13 16:05:28.415025,35.0,5.372688293457031,15.366016387939453
2025-07-13 16:05:29.429744,35.0,5.374088287353516,15.366016387939453
2025-07-13 16:05:30.444498,35.0,5.373046875,15.366016387939453
2025-07-13 16:05:31.457068,35.0,5.375236511230469,15.366016387939453
2025-07-13 16:05:32.470812,35.0,5.375370025634766,15.366016387939453
2025-07-13 16:05:33.484583,35.0,5.376014709472656,15.366016387939453
2025-07-13 16:05:34.500566,35.0,5.377971649169922,15.366016387939453
2025-07-13 16:05:35.508879,35.0,5.378093719482422,15.366016387939453
2025-07-13 16:05:36.519864,35.0,5.3780975341796875,15.366016387939453
2025-07-13 16:05:37.537383,35.0,5.378787994384766,15.366016387939453
2025-07-13 16:05:38.551137,35.0,5.378456115722656,15.366016387939453
2025-07-13 16:05:39.560621,35.0,5.378204345703125,15.366016387939453
2025-07-13 16:05:40.582004,35.0,5.380207061767578,15.366016387939453
2025-07-13 16:05:41.601103,35.0,5.380592346191406,15.366016387939453
2025-07-13 16:05:42.628494,35.0,5.380466461181641,15.366016387939453
2025-07-13 16:05:43.654155,35.0,5.382778167724609,15.366016387939453
2025-07-13 16:05:44.668498,35.0,5.3824615478515625,15.366016387939453
2025-07-13 16:05:45.681581,35.0,5.382667541503906,15.366016387939453
2025-07-13 16:05:46.695456,35.0,5.382724761962891,15.366016387939453
2025-07-13 16:05:47.709497,35.0,5.382404327392578,15.366016387939453
2025-07-13 16:05:48.731939,35.0,5.382347106933594,15.366016387939453
2025-07-13 16:05:49.743738,35.0,5.382549285888672,15.366016387939453
2025-07-13 16:05:50.756993,35.0,5.382266998291016,15.366016387939453
2025-07-13 16:05:51.769378,35.0,5.382366180419922,15.366016387939453
2025-07-13 16:05:52.780051,35.0,5.382450103759766,15.366016387939453
2025-07-13 16:05:53.821273,35.1,5.400859832763672,15.366016387939453
2025-07-13 16:05:54.859369,35.2,5.401454925537109,15.366016387939453
2025-07-13 16:05:55.911692,35.2,5.405452728271484,15.366016387939453
2025-07-13 16:05:56.948620,35.1,5.392559051513672,15.366016387939453
2025-07-13 16:05:57.969142,35.1,5.391483306884766,15.366016387939453
2025-07-13 16:05:58.997299,35.1,5.391689300537109,15.366016387939453
2025-07-13 16:06:00.012469,35.1,5.390613555908203,15.366016387939453
2025-07-13 16:06:01.029557,35.1,5.391334533691406,15.366016387939453
2025-07-13 16:06:02.040287,35.1,5.391197204589844,15.366016387939453
2025-07-13 16:06:03.052330,35.1,5.391304016113281,15.366016387939453
2025-07-13 16:06:04.063635,35.1,5.391666412353516,15.366016387939453
2025-07-13 16:06:05.082295,35.1,5.391063690185547,15.366016387939453
2025-07-13 16:06:06.092775,35.1,5.391170501708984,15.366016387939453
2025-07-13 16:06:07.107832,35.1,5.391029357910156,15.366016387939453
2025-07-13 16:06:08.117692,35.1,5.390773773193359,15.366016387939453
2025-07-13 16:06:09.135154,35.1,5.390434265136719,15.366016387939453
2025-07-13 16:06:10.150420,35.1,5.390659332275391,15.366016387939453
2025-07-13 16:06:11.164943,35.1,5.389995574951172,15.366016387939453
2025-07-13 16:06:12.176951,35.1,5.389808654785156,15.366016387939453
2025-07-13 16:06:13.191804,35.1,5.389625549316406,15.366016387939453
2025-07-13 16:06:14.208943,35.1,5.388725280761719,15.366016387939453
2025-07-13 16:06:15.221604,35.1,5.3884429931640625,15.366016387939453
2025-07-13 16:06:16.235581,35.1,5.388069152832031,15.366016387939453
2025-07-13 16:06:17.260982,35.1,5.3885650634765625,15.366016387939453
2025-07-13 16:06:18.273884,35.1,5.388545989990234,15.366016387939453
2025-07-13 16:06:19.286795,35.1,5.388225555419922,15.366016387939453
2025-07-13 16:06:20.328725,35.1,5.388301849365234,15.366016387939453
2025-07-13 16:06:21.346809,35.1,5.388500213623047,15.366016387939453
2025-07-13 16:06:22.360716,35.1,5.388328552246094,15.366016387939453
2025-07-13 16:06:23.369320,35.1,5.388492584228516,15.366016387939453
2025-07-13 16:06:24.412318,35.1,5.3886260986328125,15.366016387939453
2025-07-13 16:06:25.422546,35.1,5.388572692871094,15.366016387939453
2025-07-13 16:06:26.435324,35.1,5.3886871337890625,15.366016387939453
2025-07-13 16:06:27.455536,35.1,5.388057708740234,15.366016387939453
2025-07-13 16:06:28.464605,35.1,5.3882293701171875,15.366016387939453
2025-07-13 16:06:29.478597,35.1,5.387748718261719,15.366016387939453
2025-07-13 16:06:30.488245,35.1,5.387447357177734,15.366016387939453
2025-07-13 16:06:31.502094,35.1,5.387920379638672,15.366016387939453
2025-07-13 16:06:32.517290,35.1,5.387912750244141,15.366016387939453
2025-07-13 16:06:33.529657,35.1,5.387973785400391,15.366016387939453
2025-07-13 16:06:34.540256,35.1,5.387958526611328,15.366016387939453
2025-07-13 16:06:35.557894,35.1,5.388156890869141,15.366016387939453
2025-07-13 16:06:36.568451,35.1,5.38800048828125,15.366016387939453
2025-07-13 16:06:37.579906,35.1,5.387897491455078,15.366016387939453
2025-07-13 16:06:38.595898,35.1,5.387828826904297,15.366016387939453
2025-07-13 16:06:39.607121,35.1,5.388088226318359,15.366016387939453
2025-07-13 16:06:40.622071,35.1,5.388271331787109,15.366016387939453
2025-07-13 16:06:41.633881,35.1,5.388233184814453,15.366016387939453
2025-07-13 16:06:42.646453,35.1,5.387542724609375,15.366016387939453
2025-07-13 16:06:43.666355,35.1,5.388004302978516,15.366016387939453
2025-07-13 16:06:44.690286,35.1,5.388317108154297,15.366016387939453
2025-07-13 16:06:45.699238,35.1,5.387657165527344,15.366016387939453
2025-07-13 16:06:46.715974,35.1,5.3875579833984375,15.366016387939453
2025-07-13 16:06:47.727697,35.1,5.387542724609375,15.366016387939453
2025-07-13 16:06:48.742029,35.1,5.387611389160156,15.366016387939453
2025-07-13 16:06:49.761352,35.0,5.3841552734375,15.366016387939453
2025-07-13 16:06:50.776312,35.0,5.384021759033203,15.366016387939453
2025-07-13 16:06:51.788001,35.0,5.3837127685546875,15.366016387939453
2025-07-13 16:06:52.799469,35.0,5.383003234863281,15.366016387939453
2025-07-13 16:06:53.809396,35.1,5.38671875,15.366016387939453
2025-07-13 16:06:54.819510,35.1,5.389617919921875,15.366016387939453
2025-07-13 16:06:55.839033,35.1,5.396770477294922,15.366016387939453
2025-07-13 16:06:56.849651,35.1,5.396888732910156,15.366016387939453
2025-07-13 16:06:57.861459,35.1,5.397518157958984,15.366016387939453
2025-07-13 16:06:58.889875,35.1,5.397705078125,15.366016387939453
2025-07-13 16:06:59.934720,35.1,5.397449493408203,15.366016387939453
2025-07-13 16:07:00.982263,35.2,5.4068145751953125,15.366016387939453
2025-07-13 16:07:02.031139,35.2,5.404747009277344,15.366016387939453
2025-07-13 16:07:03.073003,35.2,5.405078887939453,15.366016387939453
2025-07-13 16:07:04.098542,35.2,5.4046173095703125,15.366016387939453
2025-07-13 16:07:05.153518,35.2,5.405029296875,15.366016387939453
2025-07-13 16:07:06.199831,35.2,5.405055999755859,15.366016387939453
2025-07-13 16:07:07.242451,35.2,5.405284881591797,15.366016387939453
2025-07-13 16:07:08.281306,35.2,5.405006408691406,15.366016387939453
2025-07-13 16:07:09.325798,35.2,5.405082702636719,15.366016387939453
2025-07-13 16:07:10.371798,35.2,5.405353546142578,15.366016387939453
2025-07-13 16:07:11.419192,35.2,5.405536651611328,15.366016387939453
2025-07-13 16:07:12.462797,35.2,5.404506683349609,15.366016387939453
2025-07-13 16:07:13.509000,35.2,5.4049072265625,15.366016387939453
2025-07-13 16:07:14.543990,35.2,5.405323028564453,15.366016387939453
2025-07-13 16:07:15.593267,35.2,5.4034881591796875,15.366016387939453
2025-07-13 16:07:16.602283,35.2,5.402774810791016,15.366016387939453
2025-07-13 16:07:17.618261,35.2,5.402797698974609,15.366016387939453
2025-07-13 16:07:18.630749,35.2,5.4024200439453125,15.366016387939453
2025-07-13 16:07:19.643917,35.2,5.401371002197266,15.366016387939453
2025-07-13 16:07:20.660748,35.1,5.400943756103516,15.366016387939453
2025-07-13 16:07:21.679209,35.1,5.4006805419921875,15.366016387939453
2025-07-13 16:07:22.703726,35.1,5.40045166015625,15.366016387939453
2025-07-13 16:07:23.716388,35.1,5.400493621826172,15.366016387939453
2025-07-13 16:07:24.729909,35.1,5.4007568359375,15.366016387939453
2025-07-13 16:07:25.756946,35.1,5.4001922607421875,15.366016387939453
2025-07-13 16:07:26.776891,35.1,5.399845123291016,15.366016387939453
2025-07-13 16:07:27.791087,35.1,5.39990234375,15.366016387939453
2025-07-13 16:07:28.814788,35.1,5.399509429931641,15.366016387939453
2025-07-13 16:07:29.830631,35.1,5.399555206298828,15.366016387939453
2025-07-13 16:07:30.847787,35.1,5.399284362792969,15.366016387939453
2025-07-13 16:07:31.862220,35.1,5.399265289306641,15.366016387939453
2025-07-13 16:07:32.873134,35.1,5.399177551269531,15.366016387939453
2025-07-13 16:07:33.882986,35.1,5.39959716796875,15.366016387939453
2025-07-13 16:07:34.894675,35.1,5.3990631103515625,15.366016387939453
2025-07-13 16:07:35.907934,35.1,5.399421691894531,15.366016387939453
2025-07-13 16:07:36.928552,35.1,5.399539947509766,15.366016387939453
2025-07-13 16:07:37.946241,35.1,5.399299621582031,15.366016387939453
2025-07-13 16:07:38.956267,35.1,5.3997039794921875,15.366016387939453
2025-07-13 16:07:39.972993,35.1,5.399116516113281,15.366016387939453
2025-07-13 16:07:40.984829,35.1,5.399326324462891,15.366016387939453
2025-07-13 16:07:42.000107,35.1,5.399150848388672,15.366016387939453
2025-07-13 16:07:43.012279,35.1,5.399391174316406,15.366016387939453
2025-07-13 16:07:44.027233,35.1,5.399375915527344,15.366016387939453
2025-07-13 16:07:45.040466,35.1,5.399421691894531,15.366016387939453
2025-07-13 16:07:46.055908,35.1,5.3990020751953125,15.366016387939453
2025-07-13 16:07:47.073950,35.1,5.399150848388672,15.366016387939453
2025-07-13 16:07:48.082452,35.1,5.399135589599609,15.366016387939453
2025-07-13 16:07:49.093409,35.1,5.398700714111328,15.366016387939453
2025-07-13 16:07:50.105244,35.1,5.398731231689453,15.366016387939453
2025-07-13 16:07:51.119166,35.1,5.399169921875,15.366016387939453
2025-07-13 16:07:52.131717,35.1,5.3993377685546875,15.366016387939453
2025-07-13 16:07:53.145958,35.1,5.39892578125,15.366016387939453
2025-07-13 16:07:54.157893,35.1,5.399288177490234,15.366016387939453
2025-07-13 16:07:55.171725,35.1,5.399971008300781,15.366016387939453
2025-07-13 16:07:56.188189,35.1,5.399829864501953,15.366016387939453
2025-07-13 16:07:57.199390,35.1,5.399837493896484,15.366016387939453
2025-07-13 16:07:58.216427,35.1,5.399421691894531,15.366016387939453
2025-07-13 16:07:59.227488,35.1,5.399810791015625,15.366016387939453
2025-07-13 16:08:00.246942,35.1,5.400665283203125,15.366016387939453
2025-07-13 16:08:01.261968,35.1,5.399257659912109,15.366016387939453
2025-07-13 16:08:02.271432,35.1,5.399242401123047,15.366016387939453
2025-07-13 16:08:03.282839,35.1,5.400146484375,15.366016387939453
2025-07-13 16:08:04.293922,35.1,5.400177001953125,15.366016387939453
2025-07-13 16:08:05.306379,35.1,5.400363922119141,15.366016387939453
2025-07-13 16:08:06.315823,35.1,5.4003753662109375,15.366016387939453
2025-07-13 16:08:07.331930,35.1,5.400768280029297,15.366016387939453
2025-07-13 16:08:08.343256,35.1,5.400665283203125,15.366016387939453
2025-07-13 16:08:09.358066,35.1,5.4004058837890625,15.366016387939453
2025-07-13 16:08:10.375681,35.1,5.4007720947265625,15.366016387939453
2025-07-13 16:08:11.390179,35.1,5.401035308837891,15.366016387939453
2025-07-13 16:08:12.398476,35.1,5.40032958984375,15.366016387939453
2025-07-13 16:08:13.423012,35.1,5.40057373046875,15.366016387939453
2025-07-13 16:08:14.468665,35.1,5.400665283203125,15.366016387939453
2025-07-13 16:08:15.484871,35.1,5.400699615478516,15.366016387939453
2025-07-13 16:08:16.496364,35.1,5.399623870849609,15.366016387939453
2025-07-13 16:08:17.510593,35.1,5.399200439453125,15.366016387939453
2025-07-13 16:08:18.528452,35.1,5.3998565673828125,15.366016387939453
2025-07-13 16:08:19.540445,35.1,5.399936676025391,15.366016387939453
2025-07-13 16:08:20.550841,35.1,5.400165557861328,15.366016387939453
2025-07-13 16:08:21.569684,35.1,5.39947509765625,15.366016387939453
2025-07-13 16:08:22.581266,35.1,5.399223327636719,15.366016387939453
2025-07-13 16:08:23.592340,35.1,5.399501800537109,15.366016387939453
2025-07-13 16:08:24.614117,35.1,5.399105072021484,15.366016387939453
2025-07-13 16:08:25.627309,35.1,5.399192810058594,15.366016387939453
2025-07-13 16:08:26.641971,35.1,5.399013519287109,15.366016387939453
2025-07-13 16:08:27.652987,35.1,5.399192810058594,15.366016387939453
2025-07-13 16:08:28.669217,35.1,5.399150848388672,15.366016387939453
2025-07-13 16:08:29.683198,35.1,5.398906707763672,15.366016387939453
2025-07-13 16:08:30.696731,35.1,5.399101257324219,15.366016387939453
2025-07-13 16:08:31.709697,35.1,5.399169921875,15.366016387939453
2025-07-13 16:08:32.727424,35.1,5.399017333984375,15.366016387939453
2025-07-13 16:08:33.746891,35.1,5.399299621582031,15.366016387939453
2025-07-13 16:08:34.768879,35.1,5.398902893066406,15.366016387939453
2025-07-13 16:08:35.783959,35.1,5.398551940917969,15.366016387939453
2025-07-13 16:08:36.797642,35.1,5.399360656738281,15.366016387939453
2025-07-13 16:08:37.810094,35.1,5.3994293212890625,15.366016387939453
2025-07-13 16:08:38.822010,35.1,5.399421691894531,15.366016387939453
2025-07-13 16:08:39.833837,35.1,5.399242401123047,15.366016387939453
2025-07-13 16:08:40.849265,35.1,5.3989410400390625,15.366016387939453
2025-07-13 16:08:41.864546,35.1,5.398868560791016,15.366016387939453
2025-07-13 16:08:42.877333,35.1,5.398975372314453,15.366016387939453
2025-07-13 16:08:43.895835,35.1,5.398998260498047,15.366016387939453
2025-07-13 16:08:44.907685,35.1,5.399078369140625,15.366016387939453
2025-07-13 16:08:45.922470,35.1,5.398994445800781,15.366016387939453
2025-07-13 16:08:46.935720,35.1,5.399845123291016,15.366016387939453
2025-07-13 16:08:47.950663,35.1,5.399875640869141,15.366016387939453
2025-07-13 16:08:48.961439,35.1,5.399967193603516,15.366016387939453
2025-07-13 16:08:49.972798,35.1,5.39996337890625,15.366016387939453
2025-07-13 16:08:50.985736,35.1,5.400165557861328,15.366016387939453
2025-07-13 16:08:51.997401,35.1,5.399452209472656,15.366016387939453
2025-07-13 16:08:53.010791,35.1,5.399799346923828,15.366016387939453
2025-07-13 16:08:54.024522,35.1,5.399700164794922,15.366016387939453
2025-07-13 16:08:55.037109,35.1,5.399784088134766,15.366016387939453
2025-07-13 16:08:56.053778,35.1,5.3996124267578125,15.366016387939453
2025-07-13 16:08:57.066063,35.1,5.399162292480469,15.366016387939453
2025-07-13 16:08:58.078687,35.1,5.398731231689453,15.366016387939453
2025-07-13 16:08:59.087106,35.1,5.3992767333984375,15.366016387939453
2025-07-13 16:09:00.106015,35.1,5.4001312255859375,15.366016387939453
2025-07-13 16:09:01.127289,35.1,5.397510528564453,15.366016387939453
2025-07-13 16:09:02.143920,35.1,5.399051666259766,15.366016387939453
2025-07-13 16:09:03.156833,35.1,5.399513244628906,15.366016387939453
2025-07-13 16:09:04.169421,35.1,5.399627685546875,15.366016387939453
2025-07-13 16:09:05.181646,35.1,5.399433135986328,15.366016387939453
2025-07-13 16:09:06.192211,35.1,5.399711608886719,15.366016387939453
2025-07-13 16:09:07.204818,35.1,5.3997039794921875,15.366016387939453
2025-07-13 16:09:08.215135,35.1,5.399562835693359,15.366016387939453
2025-07-13 16:09:09.231313,35.1,5.3994903564453125,15.366016387939453
2025-07-13 16:09:10.243120,35.1,5.399330139160156,15.366016387939453
2025-07-13 16:09:11.265833,35.1,5.399372100830078,15.366016387939453
2025-07-13 16:09:12.301280,35.1,5.399044036865234,15.366016387939453
2025-07-13 16:09:13.346937,35.1,5.399295806884766,15.366016387939453
2025-07-13 16:09:14.393720,35.1,5.399116516113281,15.366016387939453
2025-07-13 16:09:15.439152,35.1,5.399372100830078,15.366016387939453
2025-07-13 16:09:16.483347,35.1,5.398685455322266,15.366016387939453
2025-07-13 16:09:17.549500,35.1,5.399383544921875,15.366016387939453
2025-07-13 16:09:18.585833,35.1,5.399272918701172,15.366016387939453
2025-07-13 16:09:19.638855,35.1,5.399120330810547,15.366016387939453
2025-07-13 16:09:20.676523,35.1,5.399234771728516,15.366016387939453
2025-07-13 16:09:21.715490,35.1,5.399284362792969,15.366016387939453
2025-07-13 16:09:22.763140,35.1,5.398529052734375,15.366016387939453
2025-07-13 16:09:23.796224,35.1,5.398490905761719,15.366016387939453
2025-07-13 16:09:24.817734,35.1,5.398612976074219,15.366016387939453
2025-07-13 16:09:25.870651,35.1,5.398284912109375,15.366016387939453
2025-07-13 16:09:26.912626,35.1,5.39849853515625,15.366016387939453
2025-07-13 16:09:27.935384,35.1,5.398380279541016,15.366016387939453
2025-07-13 16:09:28.990825,35.1,5.398380279541016,15.366016387939453
2025-07-13 16:09:30.034850,35.1,5.398170471191406,15.366016387939453
2025-07-13 16:09:31.043620,35.1,5.3983612060546875,15.366016387939453
2025-07-13 16:09:32.053405,35.1,5.398551940917969,15.366016387939453
2025-07-13 16:09:33.072520,35.1,5.398593902587891,15.366016387939453
2025-07-13 16:09:34.083826,35.1,5.398468017578125,15.366016387939453
2025-07-13 16:09:35.100534,35.1,5.398387908935547,15.366016387939453
2025-07-13 16:09:36.125343,35.1,5.398593902587891,15.366016387939453
2025-07-13 16:09:37.145905,35.1,5.398601531982422,15.366016387939453
2025-07-13 16:09:38.156728,35.1,5.398708343505859,15.366016387939453
2025-07-13 16:09:39.171953,35.1,5.3985748291015625,15.366016387939453
2025-07-13 16:09:40.183417,35.1,5.398765563964844,15.366016387939453
2025-07-13 16:09:41.199329,35.1,5.398826599121094,15.366016387939453
2025-07-13 16:09:42.210351,35.1,5.398509979248047,15.366016387939453
2025-07-13 16:09:43.219680,35.1,5.3985595703125,15.366016387939453
2025-07-13 16:09:44.231820,35.1,5.398784637451172,15.366016387939453
2025-07-13 16:09:45.243989,35.1,5.398792266845703,15.366016387939453
2025-07-13 16:09:46.256830,35.1,5.3983154296875,15.366016387939453
2025-07-13 16:09:47.271529,35.1,5.398281097412109,15.366016387939453
2025-07-13 16:09:48.284827,35.1,5.398342132568359,15.366016387939453
2025-07-13 16:09:49.301062,35.1,5.398475646972656,15.366016387939453
2025-07-13 16:09:50.313949,35.1,5.398468017578125,15.366016387939453
2025-07-13 16:09:51.327357,35.1,5.398353576660156,15.366016387939453
2025-07-13 16:09:52.340134,35.1,5.3984832763671875,15.366016387939453
2025-07-13 16:09:53.355947,35.1,5.398796081542969,15.366016387939453
2025-07-13 16:09:54.369950,35.1,5.398658752441406,15.366016387939453
2025-07-13 16:09:55.384507,35.1,5.398490905761719,15.366016387939453
2025-07-13 16:09:56.400245,35.1,5.398853302001953,15.366016387939453
2025-07-13 16:09:57.411838,35.1,5.398700714111328,15.366016387939453
2025-07-13 16:09:58.425485,35.1,5.398475646972656,15.366016387939453
2025-07-13 16:09:59.446821,35.1,5.398593902587891,15.366016387939453
2025-07-13 16:10:00.457656,35.1,5.398883819580078,15.366016387939453
2025-07-13 16:10:01.467091,35.1,5.398708343505859,15.366016387939453
2025-07-13 16:10:02.483445,35.1,5.399097442626953,15.366016387939453
2025-07-13 16:10:03.496737,35.1,5.399417877197266,15.366016387939453
2025-07-13 16:10:04.512696,35.1,5.398811340332031,15.366016387939453
2025-07-13 16:10:05.524412,35.1,5.398769378662109,15.366016387939453
2025-07-13 16:10:06.537504,35.1,5.39886474609375,15.366016387939453
2025-07-13 16:10:07.547629,35.1,5.399497985839844,15.366016387939453
2025-07-13 16:10:08.562277,35.1,5.399360656738281,15.366016387939453
2025-07-13 16:10:09.577631,35.1,5.399448394775391,15.366016387939453
2025-07-13 16:10:10.587370,35.1,5.399211883544922,15.366016387939453
2025-07-13 16:10:11.600234,35.1,5.399570465087891,15.366016387939453
2025-07-13 16:10:12.617934,35.1,5.3995513916015625,15.366016387939453
2025-07-13 16:10:13.627839,35.1,5.399265289306641,15.366016387939453
2025-07-13 16:10:14.645028,35.1,5.399265289306641,15.366016387939453
2025-07-13 16:10:15.655985,35.1,5.399360656738281,15.366016387939453
2025-07-13 16:10:16.671232,35.1,5.399272918701172,15.366016387939453
2025-07-13 16:10:17.689396,35.1,5.39923095703125,15.366016387939453
2025-07-13 16:10:18.712635,35.1,5.397586822509766,15.366016387939453
2025-07-13 16:10:19.726767,35.1,5.398353576660156,15.366016387939453
2025-07-13 16:10:20.748817,35.1,5.399009704589844,15.366016387939453
2025-07-13 16:10:21.763801,35.1,5.398540496826172,15.366016387939453
2025-07-13 16:10:22.777361,35.1,5.398246765136719,15.366016387939453
2025-07-13 16:10:23.793659,35.1,5.39825439453125,15.366016387939453
2025-07-13 16:10:24.806058,35.1,5.398311614990234,15.366016387939453
2025-07-13 16:10:25.825589,35.1,5.398128509521484,15.366016387939453
2025-07-13 16:10:26.870463,35.1,5.398212432861328,15.366016387939453
2025-07-13 16:10:27.884760,35.1,5.394626617431641,15.366016387939453
2025-07-13 16:10:28.900993,35.2,5.40277099609375,15.366016387939453
2025-07-13 16:10:29.910519,35.1,5.3983917236328125,15.366016387939453
2025-07-13 16:10:30.923858,35.2,5.401771545410156,15.366016387939453
2025-07-13 16:10:31.946548,35.2,5.401752471923828,15.366016387939453
2025-07-13 16:10:32.965954,35.2,5.4022064208984375,15.366016387939453
2025-07-13 16:10:33.982347,35.2,5.402782440185547,15.366016387939453
2025-07-13 16:10:34.993902,35.2,5.402320861816406,15.366016387939453
2025-07-13 16:10:36.006656,35.2,5.402351379394531,15.366016387939453
2025-07-13 16:10:37.023788,35.2,5.402606964111328,15.366016387939453
2025-07-13 16:10:38.038031,35.2,5.402458190917969,15.366016387939453
2025-07-13 16:10:39.052856,35.2,5.4022369384765625,15.366016387939453
2025-07-13 16:10:40.069416,35.2,5.402141571044922,15.366016387939453
2025-07-13 16:10:41.081527,35.2,5.402320861816406,15.366016387939453
2025-07-13 16:10:42.093462,35.2,5.402164459228516,15.366016387939453
2025-07-13 16:10:43.107483,35.2,5.401897430419922,15.366016387939453
2025-07-13 16:10:44.118946,35.2,5.4022979736328125,15.366016387939453
2025-07-13 16:10:45.129598,35.2,5.4023590087890625,15.366016387939453
2025-07-13 16:10:46.143533,35.2,5.4023284912109375,15.366016387939453
2025-07-13 16:10:47.167802,35.2,5.402133941650391,15.366016387939453
2025-07-13 16:10:48.180291,35.2,5.4024200439453125,15.366016387939453
2025-07-13 16:10:49.191318,35.2,5.403171539306641,15.366016387939453
2025-07-13 16:10:50.225056,35.2,5.402523040771484,15.366016387939453
2025-07-13 16:10:51.236429,35.2,5.4025726318359375,15.366016387939453
2025-07-13 16:10:52.252368,35.2,5.402557373046875,15.366016387939453
2025-07-13 16:10:53.266527,35.2,5.40240478515625,15.366016387939453
2025-07-13 16:10:54.282286,35.2,5.4022064208984375,15.366016387939453
2025-07-13 16:10:55.295177,35.2,5.402275085449219,15.366016387939453
2025-07-13 16:10:56.311099,35.2,5.402671813964844,15.366016387939453
2025-07-13 16:10:57.327013,35.2,5.402584075927734,15.366016387939453
2025-07-13 16:10:58.351661,35.2,5.4019012451171875,15.366016387939453
2025-07-13 16:10:59.364375,35.2,5.40252685546875,15.366016387939453
2025-07-13 16:11:00.388548,35.2,5.403411865234375,15.366016387939453
2025-07-13 16:11:01.398903,35.2,5.402717590332031,15.366016387939453
2025-07-13 16:11:02.414519,35.2,5.403144836425781,15.366016387939453
2025-07-13 16:11:03.426835,35.2,5.403339385986328,15.366016387939453
2025-07-13 16:11:04.440451,35.2,5.403583526611328,15.366016387939453
2025-07-13 16:11:05.449069,35.2,5.403545379638672,15.366016387939453
2025-07-13 16:11:06.464338,35.2,5.403602600097656,15.366016387939453
2025-07-13 16:11:07.476921,35.2,5.403522491455078,15.366016387939453
2025-07-13 16:11:08.492095,35.2,5.4033050537109375,15.366016387939453
2025-07-13 16:11:09.500592,35.2,5.403354644775391,15.366016387939453
2025-07-13 16:11:10.517382,35.2,5.403308868408203,15.366016387939453
2025-07-13 16:11:11.531723,35.2,5.403423309326172,15.366016387939453
2025-07-13 16:11:12.541959,35.2,5.4032745361328125,15.366016387939453
2025-07-13 16:11:13.551517,35.2,5.403236389160156,15.366016387939453
2025-07-13 16:11:14.569656,35.2,5.40325927734375,15.366016387939453
2025-07-13 16:11:15.581894,35.2,5.4033203125,15.366016387939453
2025-07-13 16:11:16.593112,35.2,5.402957916259766,15.366016387939453
2025-07-13 16:11:17.605538,35.2,5.402717590332031,15.366016387939453
2025-07-13 16:11:18.622031,35.2,5.403038024902344,15.366016387939453
2025-07-13 16:11:19.631844,35.2,5.402202606201172,15.366016387939453
2025-07-13 16:11:20.648163,35.2,5.4020538330078125,15.366016387939453
2025-07-13 16:11:21.672555,35.2,5.402156829833984,15.366016387939453
2025-07-13 16:11:22.685791,35.2,5.402088165283203,15.366016387939453
2025-07-13 16:11:23.702250,35.2,5.407829284667969,15.366016387939453
2025-07-13 16:11:24.719945,35.2,5.408683776855469,15.366016387939453
2025-07-13 16:11:25.760495,35.2,5.408832550048828,15.366016387939453
2025-07-13 16:11:26.803956,35.2,5.412261962890625,15.366016387939453
2025-07-13 16:11:27.836082,35.2,5.412364959716797,15.366016387939453
2025-07-13 16:11:28.894804,35.2,5.412799835205078,15.366016387939453
2025-07-13 16:11:29.928786,35.2,5.412811279296875,15.366016387939453
2025-07-13 16:11:30.975203,35.2,5.4147491455078125,15.366016387939453
2025-07-13 16:11:32.030507,35.2,5.412986755371094,15.366016387939453
2025-07-13 16:11:33.069830,35.2,5.414562225341797,15.366016387939453
2025-07-13 16:11:34.116041,35.2,5.414665222167969,15.366016387939453
2025-07-13 16:11:35.159005,35.2,5.4145965576171875,15.366016387939453
2025-07-13 16:11:36.175853,35.2,5.4145050048828125,15.366016387939453
2025-07-13 16:11:37.207079,35.2,5.414745330810547,15.366016387939453
2025-07-13 16:11:38.221718,35.2,5.4145050048828125,15.366016387939453
2025-07-13 16:11:39.235542,35.2,5.414730072021484,15.366016387939453
2025-07-13 16:11:40.249127,35.2,5.414562225341797,15.366016387939453
2025-07-13 16:11:41.268317,35.2,5.414882659912109,15.366016387939453
2025-07-13 16:11:42.286835,35.2,5.414714813232422,15.366016387939453
2025-07-13 16:11:43.306171,35.2,5.414909362792969,15.366016387939453
2025-07-13 16:11:44.317874,35.2,5.415027618408203,15.366016387939453
2025-07-13 16:11:45.330829,35.2,5.4153594970703125,15.366016387939453
2025-07-13 16:11:46.345419,35.2,5.414726257324219,15.366016387939453
2025-07-13 16:11:47.363393,35.2,5.415233612060547,15.366016387939453
2025-07-13 16:11:48.379958,35.2,5.415340423583984,15.366016387939453
2025-07-13 16:11:49.393145,35.2,5.415355682373047,15.366016387939453
2025-07-13 16:11:50.405076,35.2,5.415248870849609,15.366016387939453
2025-07-13 16:11:51.417784,35.2,5.415195465087891,15.366016387939453
2025-07-13 16:11:52.435327,35.2,5.415325164794922,15.366016387939453
2025-07-13 16:11:53.447605,35.2,5.415130615234375,15.366016387939453
2025-07-13 16:11:54.461649,35.2,5.414783477783203,15.366016387939453
2025-07-13 16:11:55.472144,35.2,5.414791107177734,15.366016387939453
2025-07-13 16:11:56.487019,35.2,5.415458679199219,15.366016387939453
2025-07-13 16:11:57.499678,35.2,5.4154052734375,15.366016387939453
2025-07-13 16:11:58.514272,35.2,5.415149688720703,15.366016387939453
2025-07-13 16:11:59.532672,35.2,5.414691925048828,15.366016387939453
2025-07-13 16:12:00.547054,35.2,5.415973663330078,15.366016387939453
2025-07-13 16:12:01.561862,35.2,5.4154815673828125,15.366016387939453
2025-07-13 16:12:02.584460,35.2,5.415283203125,15.366016387939453
2025-07-13 16:12:03.597637,35.2,5.415592193603516,15.366016387939453
2025-07-13 16:12:04.607804,35.2,5.415504455566406,15.366016387939453
2025-07-13 16:12:05.620567,35.2,5.415325164794922,15.366016387939453
2025-07-13 16:12:06.634839,35.2,5.41534423828125,15.366016387939453
2025-07-13 16:12:07.647294,35.2,5.415138244628906,15.366016387939453
2025-07-13 16:12:08.663731,35.2,5.4154052734375,15.366016387939453
2025-07-13 16:12:09.684004,35.2,5.414775848388672,15.366016387939453
2025-07-13 16:12:10.696549,35.2,5.414764404296875,15.366016387939453
2025-07-13 16:12:11.710510,35.2,5.414787292480469,15.366016387939453
2025-07-13 16:12:12.725440,35.2,5.415069580078125,15.366016387939453
2025-07-13 16:12:13.735962,35.2,5.415096282958984,15.366016387939453
2025-07-13 16:12:14.753082,35.2,5.4149932861328125,15.366016387939453
2025-07-13 16:12:15.769819,35.2,5.414714813232422,15.366016387939453
2025-07-13 16:12:16.782735,35.2,5.414360046386719,15.366016387939453
2025-07-13 16:12:17.798024,35.2,5.414581298828125,15.366016387939453
2025-07-13 16:12:18.839530,35.2,5.414844512939453,15.366016387939453
2025-07-13 16:12:19.851594,35.2,5.414497375488281,15.366016387939453
2025-07-13 16:12:20.866479,35.2,5.415409088134766,15.366016387939453
2025-07-13 16:12:21.880157,35.2,5.415596008300781,15.366016387939453
2025-07-13 16:12:22.913025,35.2,5.416007995605469,15.366016387939453
2025-07-13 16:12:23.923688,35.2,5.411998748779297,15.366016387939453
2025-07-13 16:12:24.937458,35.2,5.412494659423828,15.366016387939453
2025-07-13 16:12:25.954890,35.2,5.412376403808594,15.366016387939453
2025-07-13 16:12:26.970175,35.2,5.412860870361328,15.366016387939453
2025-07-13 16:12:27.983518,35.2,5.412178039550781,15.366016387939453
2025-07-13 16:12:28.999402,35.2,5.412986755371094,15.366016387939453
2025-07-13 16:12:30.014153,35.2,5.412635803222656,15.366016387939453
2025-07-13 16:12:31.026204,35.2,5.412406921386719,15.366016387939453
2025-07-13 16:12:32.038045,35.2,5.412448883056641,15.366016387939453
2025-07-13 16:12:33.063851,35.2,5.412815093994141,15.366016387939453
2025-07-13 16:12:34.109477,35.2,5.412860870361328,15.366016387939453
2025-07-13 16:12:35.152966,35.2,5.412750244140625,15.366016387939453
2025-07-13 16:12:36.195481,35.2,5.412723541259766,15.366016387939453
2025-07-13 16:12:37.239874,35.2,5.412483215332031,15.366016387939453
2025-07-13 16:12:38.285419,35.2,5.412494659423828,15.366016387939453
2025-07-13 16:12:39.297115,35.2,5.412685394287109,15.366016387939453
2025-07-13 16:12:40.331029,35.2,5.4114532470703125,15.366016387939453
2025-07-13 16:12:41.342827,35.2,5.413021087646484,15.366016387939453
2025-07-13 16:12:42.355488,35.2,5.412879943847656,15.366016387939453
2025-07-13 16:12:43.368489,35.2,5.412754058837891,15.366016387939453
2025-07-13 16:12:44.387013,35.2,5.412544250488281,15.366016387939453
2025-07-13 16:12:45.399935,35.2,5.413154602050781,15.366016387939453
2025-07-13 16:12:46.413662,35.2,5.413185119628906,15.366016387939453
2025-07-13 16:12:47.451291,35.2,5.413066864013672,15.366016387939453
2025-07-13 16:12:48.461898,35.2,5.4128265380859375,15.366016387939453
2025-07-13 16:12:49.472515,35.2,5.4129486083984375,15.366016387939453
2025-07-13 16:12:50.484551,35.2,5.412548065185547,15.366016387939453
2025-07-13 16:12:51.503681,35.2,5.412811279296875,15.366016387939453
2025-07-13 16:12:52.526843,35.2,5.412803649902344,15.366016387939453
2025-07-13 16:12:53.542940,35.2,5.412986755371094,15.366016387939453
2025-07-13 16:12:54.563755,35.2,5.413043975830078,15.366016387939453
2025-07-13 16:12:55.575992,35.2,5.412998199462891,15.366016387939453
2025-07-13 16:12:56.599568,35.2,5.413230895996094,15.366016387939453
2025-07-13 16:12:57.618463,35.2,5.413078308105469,15.366016387939453
2025-07-13 16:12:58.630645,35.2,5.412807464599609,15.366016387939453
2025-07-13 16:12:59.651265,35.2,5.412593841552734,15.366016387939453
2025-07-13 16:13:00.665181,35.2,5.414081573486328,15.366016387939453
2025-07-13 16:13:01.676609,35.2,5.4137420654296875,15.366016387939453
2025-07-13 16:13:02.691855,35.2,5.413562774658203,15.366016387939453
2025-07-13 16:13:03.710460,35.2,5.414329528808594,15.366016387939453
2025-07-13 16:13:04.721052,35.2,5.4139404296875,15.366016387939453
2025-07-13 16:13:05.737505,35.2,5.413963317871094,15.366016387939453
2025-07-13 16:13:06.749722,35.2,5.41375732421875,15.366016387939453
2025-07-13 16:13:07.761941,35.2,5.413749694824219,15.366016387939453
2025-07-13 16:13:08.775004,35.2,5.413768768310547,15.366016387939453
2025-07-13 16:13:09.787628,35.2,5.413562774658203,15.366016387939453
2025-07-13 16:13:10.803228,35.2,5.413414001464844,15.366016387939453
2025-07-13 16:13:11.813210,35.2,5.413387298583984,15.366016387939453
2025-07-13 16:13:12.826981,35.2,5.413524627685547,15.366016387939453
2025-07-13 16:13:13.837284,35.2,5.413410186767578,15.366016387939453
2025-07-13 16:13:14.848968,35.2,5.413509368896484,15.366016387939453
2025-07-13 16:13:15.858252,35.2,5.412528991699219,15.366016387939453
2025-07-13 16:13:16.872774,35.2,5.412380218505859,15.366016387939453
2025-07-13 16:13:17.884041,35.2,5.412345886230469,15.366016387939453
2025-07-13 16:13:18.902123,35.2,5.412559509277344,15.366016387939453
2025-07-13 16:13:19.912106,35.2,5.411960601806641,15.366016387939453
2025-07-13 16:13:20.920523,35.2,5.4116058349609375,15.366016387939453
2025-07-13 16:13:21.940352,35.2,5.41162109375,15.366016387939453
2025-07-13 16:13:22.963138,35.2,5.412250518798828,15.366016387939453
2025-07-13 16:13:23.975894,35.2,5.411399841308594,15.366016387939453
2025-07-13 16:13:24.985209,35.2,5.411567687988281,15.366016387939453
2025-07-13 16:13:25.998467,35.2,5.4116363525390625,15.366016387939453
2025-07-13 16:13:27.011218,35.2,5.411609649658203,15.366016387939453
2025-07-13 16:13:28.025366,35.2,5.411701202392578,15.366016387939453
2025-07-13 16:13:29.038952,35.2,5.411800384521484,15.366016387939453
2025-07-13 16:13:30.052239,35.2,5.412212371826172,15.366016387939453
2025-07-13 16:13:31.078732,35.2,5.4121246337890625,15.366016387939453
2025-07-13 16:13:32.094664,35.2,5.4120941162109375,15.366016387939453
2025-07-13 16:13:33.104757,35.2,5.412212371826172,15.366016387939453
2025-07-13 16:13:34.125607,35.2,5.412223815917969,15.366016387939453
2025-07-13 16:13:35.167689,35.2,5.412315368652344,15.366016387939453
2025-07-13 16:13:36.187018,35.2,5.411853790283203,15.366016387939453
2025-07-13 16:13:37.198467,35.2,5.412315368652344,15.366016387939453
2025-07-13 16:13:38.229690,35.2,5.4120941162109375,15.366016387939453
2025-07-13 16:13:39.273974,35.2,5.412166595458984,15.366016387939453
2025-07-13 16:13:40.321190,35.2,5.411891937255859,15.366016387939453
2025-07-13 16:13:41.365420,35.2,5.412227630615234,15.366016387939453
2025-07-13 16:13:42.410389,35.2,5.412117004394531,15.366016387939453
2025-07-13 16:13:43.450207,35.2,5.411914825439453,15.366016387939453
2025-07-13 16:13:44.496429,35.2,5.411903381347656,15.366016387939453
2025-07-13 16:13:45.544998,35.2,5.4120941162109375,15.366016387939453
2025-07-13 16:13:46.584149,35.3,5.423923492431641,15.366016387939453
2025-07-13 16:13:47.629457,35.3,5.423431396484375,15.366016387939453
2025-07-13 16:13:48.650999,35.3,5.423377990722656,15.366016387939453
2025-07-13 16:13:49.691259,35.3,5.4235382080078125,15.366016387939453
2025-07-13 16:13:50.752800,35.3,5.423351287841797,15.366016387939453
2025-07-13 16:13:51.797334,35.3,5.423198699951172,15.366016387939453
2025-07-13 16:13:52.846868,35.3,5.4233245849609375,15.366016387939453
2025-07-13 16:13:53.893510,35.3,5.423313140869141,15.366016387939453
2025-07-13 16:13:54.938912,35.3,5.423160552978516,15.366016387939453
2025-07-13 16:13:55.987262,35.3,5.4232025146484375,15.366016387939453
2025-07-13 16:13:57.027375,35.3,5.4233856201171875,15.366016387939453
2025-07-13 16:13:58.072947,35.3,5.4227142333984375,15.366016387939453
2025-07-13 16:13:59.112401,35.3,5.423786163330078,15.366016387939453
2025-07-13 16:14:00.158717,35.3,5.42388916015625,15.366016387939453
2025-07-13 16:14:01.207513,35.3,5.422672271728516,15.366016387939453
2025-07-13 16:14:02.248022,35.3,5.423290252685547,15.366016387939453
2025-07-13 16:14:03.298470,35.3,5.423587799072266,15.366016387939453
2025-07-13 16:14:04.344429,35.3,5.423004150390625,15.366016387939453
2025-07-13 16:14:05.392324,35.3,5.422691345214844,15.366016387939453
2025-07-13 16:14:06.440813,35.3,5.423149108886719,15.366016387939453
2025-07-13 16:14:07.479988,35.3,5.423198699951172,15.366016387939453
2025-07-13 16:14:08.513604,35.3,5.423297882080078,15.366016387939453
2025-07-13 16:14:09.548332,35.3,5.4229888916015625,15.366016387939453
2025-07-13 16:14:10.590269,35.3,5.422885894775391,15.366016387939453
2025-07-13 16:14:11.635818,35.3,5.42254638671875,15.366016387939453
2025-07-13 16:14:12.681567,35.3,5.422664642333984,15.366016387939453
2025-07-13 16:14:13.729656,35.3,5.422218322753906,15.366016387939453
2025-07-13 16:14:14.754244,35.3,5.422359466552734,15.366016387939453
2025-07-13 16:14:15.812633,35.3,5.422027587890625,15.366016387939453
2025-07-13 16:14:16.849132,35.3,5.421928405761719,15.366016387939453
2025-07-13 16:14:17.894801,35.3,5.42156982421875,15.366016387939453
2025-07-13 16:14:18.942663,35.3,5.421783447265625,15.366016387939453
2025-07-13 16:14:19.987593,35.3,5.421638488769531,15.366016387939453
2025-07-13 16:14:21.032631,35.3,5.421623229980469,15.366016387939453
2025-07-13 16:14:22.077375,35.3,5.42010498046875,15.366016387939453
2025-07-13 16:14:23.119618,35.3,5.420543670654297,15.366016387939453
2025-07-13 16:14:24.172420,35.3,5.4219818115234375,15.366016387939453
2025-07-13 16:14:25.214131,35.3,5.421802520751953,15.366016387939453
2025-07-13 16:14:26.256473,35.3,5.421878814697266,15.366016387939453
2025-07-13 16:14:27.303209,35.3,5.4218902587890625,15.366016387939453
2025-07-13 16:14:28.352343,35.3,5.421756744384766,15.366016387939453
2025-07-13 16:14:29.388942,35.3,5.421775817871094,15.366016387939453
2025-07-13 16:14:30.437768,35.3,5.420978546142578,15.366016387939453
2025-07-13 16:14:31.474672,35.3,5.421573638916016,15.366016387939453
2025-07-13 16:14:32.517326,35.3,5.421680450439453,15.366016387939453
2025-07-13 16:14:33.560633,35.3,5.422435760498047,15.366016387939453
2025-07-13 16:14:34.569719,35.4,5.442546844482422,15.366016387939453
2025-07-13 16:14:35.584703,35.5,5.449287414550781,15.366016387939453
2025-07-13 16:14:36.614919,35.5,5.448299407958984,15.366016387939453
2025-07-13 16:14:37.637875,35.4,5.4465789794921875,15.366016387939453
2025-07-13 16:14:38.649925,35.4,5.446384429931641,15.366016387939453
2025-07-13 16:14:39.660265,35.4,5.446025848388672,15.366016387939453
2025-07-13 16:14:40.679994,35.5,5.447643280029297,15.366016387939453
2025-07-13 16:14:41.691450,35.4,5.443576812744141,15.366016387939453
2025-07-13 16:14:42.703088,35.4,5.432487487792969,15.366016387939453
2025-07-13 16:14:43.712076,35.4,5.4330291748046875,15.366016387939453
2025-07-13 16:14:44.722619,35.3,5.431541442871094,15.366016387939453
2025-07-13 16:14:45.732659,35.3,5.430416107177734,15.366016387939453
2025-07-13 16:14:46.750437,35.3,5.430126190185547,15.366016387939453
2025-07-13 16:14:47.766265,35.3,5.4300994873046875,15.366016387939453
2025-07-13 16:14:48.788434,35.3,5.431056976318359,15.366016387939453
2025-07-13 16:14:49.799054,35.3,5.430000305175781,15.366016387939453
2025-07-13 16:14:50.811223,35.3,5.4299468994140625,15.366016387939453
2025-07-13 16:14:51.824289,35.3,5.4297027587890625,15.366016387939453
2025-07-13 16:14:52.864939,35.3,5.428993225097656,15.366016387939453
2025-07-13 16:14:53.879213,35.3,5.428619384765625,15.366016387939453
2025-07-13 16:14:54.894287,35.3,5.428730010986328,15.366016387939453
2025-07-13 16:14:55.905278,35.3,5.4285430908203125,15.366016387939453
2025-07-13 16:14:56.921865,35.3,5.428504943847656,15.366016387939453
2025-07-13 16:14:57.931658,35.3,5.428382873535156,15.366016387939453
2025-07-13 16:14:58.951309,35.3,5.4283294677734375,15.366016387939453
2025-07-13 16:14:59.966209,35.3,5.428276062011719,15.366016387939453
2025-07-13 16:15:00.975280,35.3,5.429042816162109,15.366016387939453
2025-07-13 16:15:01.988304,35.3,5.428428649902344,15.366016387939453
2025-07-13 16:15:02.997518,35.3,5.428215026855469,15.366016387939453
2025-07-13 16:15:04.009837,35.3,5.428009033203125,15.366016387939453
2025-07-13 16:15:05.022505,35.3,5.428047180175781,15.366016387939453
2025-07-13 16:15:06.032711,35.3,5.42791748046875,15.366016387939453
2025-07-13 16:15:07.047570,35.3,5.427562713623047,15.366016387939453
2025-07-13 16:15:08.062238,35.3,5.427177429199219,15.366016387939453
2025-07-13 16:15:09.075491,35.3,5.427558898925781,15.366016387939453
2025-07-13 16:15:10.090739,35.3,5.427288055419922,15.366016387939453
2025-07-13 16:15:11.108959,35.3,5.427425384521484,15.366016387939453
2025-07-13 16:15:12.128775,35.3,5.42724609375,15.366016387939453
2025-07-13 16:15:13.140860,35.3,5.427631378173828,15.366016387939453
2025-07-13 16:15:14.152117,35.3,5.427562713623047,15.366016387939453
2025-07-13 16:15:15.162644,35.3,5.42694091796875,15.366016387939453
2025-07-13 16:15:16.176517,35.3,5.426734924316406,15.366016387939453
2025-07-13 16:15:17.185894,35.3,5.426403045654297,15.366016387939453
2025-07-13 16:15:18.202142,35.3,5.426666259765625,15.366016387939453
2025-07-13 16:15:19.216194,35.3,5.428195953369141,15.366016387939453
2025-07-13 16:15:20.224587,35.3,5.428386688232422,15.366016387939453
2025-07-13 16:15:21.235272,35.3,5.428112030029297,15.366016387939453
2025-07-13 16:15:22.245683,35.3,5.4283447265625,15.366016387939453
2025-07-13 16:15:23.258877,35.3,5.427310943603516,15.366016387939453
2025-07-13 16:15:24.272648,35.3,5.428131103515625,15.366016387939453
2025-07-13 16:15:25.284981,35.3,5.428443908691406,15.366016387939453
2025-07-13 16:15:26.296238,35.3,5.428733825683594,15.366016387939453
2025-07-13 16:15:27.305564,35.3,5.428153991699219,15.366016387939453
2025-07-13 16:15:28.319363,35.3,5.426212310791016,15.366016387939453
2025-07-13 16:15:29.328600,35.3,5.425373077392578,15.366016387939453
2025-07-13 16:15:30.340615,35.3,5.424114227294922,15.366016387939453
2025-07-13 16:15:31.358193,35.3,5.423778533935547,15.366016387939453
2025-07-13 16:15:32.399730,35.3,5.427955627441406,15.366016387939453
2025-07-13 16:15:33.425587,35.3,5.428478240966797,15.366016387939453
2025-07-13 16:15:34.469884,35.3,5.429149627685547,15.366016387939453
2025-07-13 16:15:35.488128,35.3,5.428981781005859,15.366016387939453
2025-07-13 16:15:36.520281,35.3,5.428779602050781,15.366016387939453
2025-07-13 16:15:37.533566,35.3,5.428844451904297,15.366016387939453
2025-07-13 16:15:38.544071,35.3,5.428779602050781,15.366016387939453
2025-07-13 16:15:39.558267,35.3,5.429264068603516,15.366016387939453
2025-07-13 16:15:40.584686,35.3,5.4288482666015625,15.366016387939453
2025-07-13 16:15:41.602890,35.3,5.429290771484375,15.366016387939453
2025-07-13 16:15:42.613660,35.3,5.429100036621094,15.366016387939453
2025-07-13 16:15:43.630140,35.3,5.429161071777344,15.366016387939453
2025-07-13 16:15:44.671031,35.3,5.429039001464844,15.366016387939453
2025-07-13 16:15:45.686992,35.3,5.428905487060547,15.366016387939453
2025-07-13 16:15:46.702700,35.3,5.429351806640625,15.366016387939453
2025-07-13 16:15:47.727021,35.3,5.4290771484375,15.366016387939453
2025-07-13 16:15:48.742962,35.3,5.429309844970703,15.366016387939453
2025-07-13 16:15:49.752194,35.3,5.429370880126953,15.366016387939453
2025-07-13 16:15:50.762048,35.3,5.429592132568359,15.366016387939453
2025-07-13 16:15:51.778133,35.3,5.429313659667969,15.366016387939453
2025-07-13 16:15:52.789937,35.3,5.4293212890625,15.366016387939453
2025-07-13 16:15:53.809237,35.3,5.429290771484375,15.366016387939453
2025-07-13 16:15:54.820685,35.3,5.429039001464844,15.366016387939453
2025-07-13 16:15:55.838929,35.3,5.428745269775391,15.366016387939453
2025-07-13 16:15:56.858430,35.3,5.428924560546875,15.366016387939453
2025-07-13 16:15:57.873262,35.3,5.428958892822266,15.366016387939453
2025-07-13 16:15:58.885552,35.3,5.428924560546875,15.366016387939453
2025-07-13 16:15:59.895481,35.3,5.428497314453125,15.366016387939453
2025-07-13 16:16:00.918846,35.3,5.429618835449219,15.366016387939453
2025-07-13 16:16:01.941477,35.3,5.429340362548828,15.366016387939453
2025-07-13 16:16:02.961004,35.3,5.4291839599609375,15.366016387939453
2025-07-13 16:16:03.978832,35.3,5.42962646484375,15.366016387939453
2025-07-13 16:16:04.992362,35.3,5.429283142089844,15.366016387939453
2025-07-13 16:16:06.002636,35.3,5.429302215576172,15.366016387939453
2025-07-13 16:16:07.016710,35.3,5.428989410400391,15.366016387939453
2025-07-13 16:16:08.035398,35.3,5.428966522216797,15.366016387939453
2025-07-13 16:16:09.057295,35.3,5.4286346435546875,15.366016387939453
2025-07-13 16:16:10.067245,35.3,5.429290771484375,15.366016387939453
2025-07-13 16:16:11.081603,35.3,5.429267883300781,15.366016387939453
2025-07-13 16:16:12.105898,35.4,5.432167053222656,15.366016387939453
2025-07-13 16:16:13.117881,35.4,5.44140625,15.366016387939453
2025-07-13 16:16:14.127347,35.5,5.457485198974609,15.366016387939453
2025-07-13 16:16:15.150125,35.6,5.469306945800781,15.366016387939453
2025-07-13 16:16:16.161021,35.6,5.468982696533203,15.366016387939453
2025-07-13 16:16:17.174249,35.6,5.471729278564453,15.366016387939453
2025-07-13 16:16:18.187389,35.4,5.440654754638672,15.366016387939453
2025-07-13 16:16:19.206857,35.4,5.4395294189453125,15.366016387939453
2025-07-13 16:16:20.216657,35.4,5.439792633056641,15.366016387939453
2025-07-13 16:16:21.232540,35.4,5.438331604003906,15.366016387939453
2025-07-13 16:16:22.247162,35.4,5.4381561279296875,15.366016387939453
2025-07-13 16:16:23.254874,35.4,5.436237335205078,15.366016387939453
2025-07-13 16:16:24.270133,35.4,5.436840057373047,15.366016387939453
2025-07-13 16:16:25.284874,35.4,5.437221527099609,15.366016387939453
2025-07-13 16:16:26.303401,35.4,5.437664031982422,15.366016387939453
2025-07-13 16:16:27.317288,35.4,5.437461853027344,15.366016387939453
2025-07-13 16:16:28.333963,35.4,5.437435150146484,15.366016387939453
2025-07-13 16:16:29.349769,35.4,5.437244415283203,15.366016387939453
2025-07-13 16:16:30.360230,35.4,5.437183380126953,15.366016387939453
2025-07-13 16:16:31.376496,35.4,5.437274932861328,15.366016387939453
2025-07-13 16:16:32.396862,35.4,5.437160491943359,15.366016387939453
2025-07-13 16:16:33.432453,35.4,5.437191009521484,15.366016387939453
2025-07-13 16:16:34.475454,35.4,5.437286376953125,15.366016387939453
2025-07-13 16:16:35.524091,35.4,5.437164306640625,15.366016387939453
2025-07-13 16:16:36.559621,35.4,5.437408447265625,15.366016387939453
2025-07-13 16:16:37.606997,35.4,5.4370880126953125,15.366016387939453
2025-07-13 16:16:38.639044,35.4,5.437122344970703,15.366016387939453
2025-07-13 16:16:39.662690,35.4,5.436714172363281,15.366016387939453
2025-07-13 16:16:40.731871,35.4,5.436798095703125,15.366016387939453
2025-07-13 16:16:41.769188,35.4,5.436511993408203,15.366016387939453
2025-07-13 16:16:42.811127,35.4,5.436595916748047,15.366016387939453
2025-07-13 16:16:43.848879,35.4,5.436515808105469,15.366016387939453
2025-07-13 16:16:44.888071,35.4,5.436347961425781,15.366016387939453
2025-07-13 16:16:45.940489,35.4,5.435665130615234,15.366016387939453
2025-07-13 16:16:46.982138,35.4,5.435619354248047,15.366016387939453
2025-07-13 16:16:48.024329,35.4,5.435600280761719,15.366016387939453
2025-07-13 16:16:49.072019,35.4,5.436336517333984,15.366016387939453
2025-07-13 16:16:50.123824,35.4,5.435916900634766,15.366016387939453
2025-07-13 16:16:51.174975,35.4,5.435306549072266,15.366016387939453
2025-07-13 16:16:52.210154,35.4,5.435630798339844,15.366016387939453
2025-07-13 16:16:53.261329,35.4,5.435951232910156,15.366016387939453
2025-07-13 16:16:54.307091,35.4,5.435417175292969,15.366016387939453
2025-07-13 16:16:55.344415,35.4,5.435550689697266,15.366016387939453
2025-07-13 16:16:56.386636,35.4,5.435901641845703,15.366016387939453
2025-07-13 16:16:57.438238,35.4,5.435886383056641,15.366016387939453
2025-07-13 16:16:58.475606,35.4,5.435749053955078,15.366016387939453
2025-07-13 16:16:59.518181,35.4,5.435832977294922,15.366016387939453
2025-07-13 16:17:00.553231,35.4,5.436653137207031,15.366016387939453
2025-07-13 16:17:01.597647,35.4,5.4364471435546875,15.366016387939453
2025-07-13 16:17:02.642129,35.4,5.436370849609375,15.366016387939453
2025-07-13 16:17:03.649943,35.4,5.436744689941406,15.366016387939453
2025-07-13 16:17:04.663540,35.4,5.436740875244141,15.366016387939453
2025-07-13 16:17:05.678794,35.4,5.436820983886719,15.366016387939453
2025-07-13 16:17:06.695611,35.4,5.43670654296875,15.366016387939453
2025-07-13 16:17:07.720044,35.4,5.436397552490234,15.366016387939453
2025-07-13 16:17:08.729747,35.4,5.436592102050781,15.366016387939453
2025-07-13 16:17:09.743798,35.4,5.436359405517578,15.366016387939453
2025-07-13 16:17:10.757230,35.4,5.4364776611328125,15.366016387939453
2025-07-13 16:17:11.768877,35.4,5.436458587646484,15.366016387939453
2025-07-13 16:17:12.783759,35.4,5.436542510986328,15.366016387939453
2025-07-13 16:17:13.799074,35.4,5.436576843261719,15.366016387939453
2025-07-13 16:17:14.810924,35.4,5.4364013671875,15.366016387939453
2025-07-13 16:17:15.824170,35.4,5.436328887939453,15.366016387939453
2025-07-13 16:17:16.836764,35.4,5.436374664306641,15.366016387939453
2025-07-13 16:17:17.849553,35.4,5.436241149902344,15.366016387939453
2025-07-13 16:17:18.864063,35.4,5.436626434326172,15.366016387939453
2025-07-13 16:17:19.882434,35.4,5.435699462890625,15.366016387939453
2025-07-13 16:17:20.891860,35.4,5.4357452392578125,15.366016387939453
2025-07-13 16:17:21.906391,35.4,5.4356231689453125,15.366016387939453
2025-07-13 16:17:22.914694,35.4,5.432056427001953,15.366016387939453
2025-07-13 16:17:23.937790,35.4,5.4322967529296875,15.366016387939453
2025-07-13 16:17:24.953827,35.3,5.431476593017578,15.366016387939453
2025-07-13 16:17:25.975665,35.4,5.432373046875,15.366016387939453
2025-07-13 16:17:26.988338,35.4,5.432456970214844,15.366016387939453
2025-07-13 16:17:28.005405,35.4,5.432384490966797,15.366016387939453
2025-07-13 16:17:29.016698,35.4,5.4323272705078125,15.366016387939453
2025-07-13 16:17:30.029802,35.4,5.432334899902344,15.366016387939453
2025-07-13 16:17:31.043276,35.4,5.432315826416016,15.366016387939453
2025-07-13 16:17:32.056809,35.4,5.441780090332031,15.366016387939453
2025-07-13 16:17:33.078991,35.4,5.439456939697266,15.366016387939453
2025-07-13 16:17:34.092266,35.4,5.433055877685547,15.366016387939453
2025-07-13 16:17:35.100633,35.4,5.436450958251953,15.366016387939453
2025-07-13 16:17:36.113838,35.4,5.435813903808594,15.366016387939453
2025-07-13 16:17:37.125282,35.4,5.43560791015625,15.366016387939453
2025-07-13 16:17:38.135987,35.4,5.435573577880859,15.366016387939453
2025-07-13 16:17:39.167945,35.4,5.435615539550781,15.366016387939453
2025-07-13 16:17:40.181849,35.4,5.433765411376953,15.366016387939453
2025-07-13 16:17:41.195042,35.4,5.435386657714844,15.366016387939453
2025-07-13 16:17:42.207802,35.4,5.442142486572266,15.366016387939453
2025-07-13 16:17:43.218868,35.5,5.451107025146484,15.366016387939453
2025-07-13 16:17:44.231091,35.5,5.456050872802734,15.366016387939453
2025-07-13 16:17:45.241315,35.5,5.457263946533203,15.366016387939453
2025-07-13 16:17:46.257739,35.5,5.45611572265625,15.366016387939453
2025-07-13 16:17:47.271785,35.5,5.452793121337891,15.366016387939453
2025-07-13 16:17:48.283581,35.5,5.452972412109375,15.366016387939453
2025-07-13 16:17:49.294881,35.5,5.453334808349609,15.366016387939453
2025-07-13 16:17:50.311030,35.5,5.45245361328125,15.366016387939453
2025-07-13 16:17:51.322981,35.5,5.452335357666016,15.366016387939453
2025-07-13 16:17:52.332692,35.5,5.452205657958984,15.366016387939453
2025-07-13 16:17:53.346554,35.5,5.4513397216796875,15.366016387939453
2025-07-13 16:17:54.362696,35.5,5.452495574951172,15.366016387939453
2025-07-13 16:17:55.374324,35.5,5.452323913574219,15.366016387939453
2025-07-13 16:17:56.390932,35.5,5.4523468017578125,15.366016387939453
2025-07-13 16:17:57.400246,35.4,5.439517974853516,15.366016387939453
2025-07-13 16:17:58.412083,35.4,5.4397125244140625,15.366016387939453
2025-07-13 16:17:59.435027,35.4,5.439701080322266,15.366016387939453
2025-07-13 16:18:00.480500,35.4,5.439456939697266,15.366016387939453
2025-07-13 16:18:01.522819,35.4,5.440277099609375,15.366016387939453
2025-07-13 16:18:02.565332,35.4,5.441070556640625,15.366016387939453
2025-07-13 16:18:03.607421,35.4,5.441204071044922,15.366016387939453
2025-07-13 16:18:04.632457,35.4,5.440715789794922,15.366016387939453
2025-07-13 16:18:05.673908,35.4,5.4405059814453125,15.366016387939453
2025-07-13 16:18:06.718192,35.4,5.440330505371094,15.366016387939453
2025-07-13 16:18:07.744957,35.4,5.440258026123047,15.366016387939453
2025-07-13 16:18:08.765872,35.4,5.440273284912109,15.366016387939453
2025-07-13 16:18:09.778617,35.4,5.440288543701172,15.366016387939453
2025-07-13 16:18:10.787212,35.4,5.440284729003906,15.366016387939453
2025-07-13 16:18:11.799698,35.4,5.44036865234375,15.366016387939453
2025-07-13 16:18:12.811959,35.4,5.440395355224609,15.366016387939453
2025-07-13 16:18:13.823143,35.4,5.440357208251953,15.366016387939453
2025-07-13 16:18:14.837661,35.4,5.440143585205078,15.366016387939453
2025-07-13 16:18:15.850976,35.4,5.440143585205078,15.366016387939453
2025-07-13 16:18:16.859084,35.4,5.439861297607422,15.366016387939453
2025-07-13 16:18:17.876417,35.4,5.439842224121094,15.366016387939453
2025-07-13 16:18:18.887901,35.4,5.4400634765625,15.366016387939453
2025-07-13 16:18:19.899519,35.4,5.4394989013671875,15.366016387939453
2025-07-13 16:18:20.914637,35.4,5.4397430419921875,15.366016387939453
2025-07-13 16:18:21.924772,35.4,5.439670562744141,15.366016387939453
2025-07-13 16:18:22.944855,35.4,5.439579010009766,15.366016387939453
2025-07-13 16:18:23.952111,35.4,5.439369201660156,15.366016387939453
2025-07-13 16:18:24.960963,35.4,5.439731597900391,15.366016387939453
2025-07-13 16:18:25.975107,35.4,5.4388275146484375,15.366016387939453
2025-07-13 16:18:26.991403,35.4,5.439418792724609,15.366016387939453
2025-07-13 16:18:28.000766,35.4,5.4394989013671875,15.366016387939453
2025-07-13 16:18:29.012821,35.4,5.439666748046875,15.366016387939453
2025-07-13 16:18:30.028503,35.4,5.439208984375,15.366016387939453
2025-07-13 16:18:31.039878,35.4,5.439292907714844,15.366016387939453
2025-07-13 16:18:32.052638,35.4,5.438922882080078,15.366016387939453
2025-07-13 16:18:33.063554,35.4,5.438995361328125,15.366016387939453
2025-07-13 16:18:34.076615,35.4,5.4390716552734375,15.366016387939453
2025-07-13 16:18:35.088058,35.4,5.4387969970703125,15.366016387939453
2025-07-13 16:18:36.100100,35.4,5.438617706298828,15.366016387939453
2025-07-13 16:18:37.111681,35.4,5.43890380859375,15.366016387939453
2025-07-13 16:18:38.125285,35.4,5.438732147216797,15.366016387939453
2025-07-13 16:18:39.141416,35.4,5.4389495849609375,15.366016387939453
2025-07-13 16:18:40.152969,35.4,5.438350677490234,15.366016387939453
2025-07-13 16:18:41.166777,35.4,5.438690185546875,15.366016387939453
2025-07-13 16:18:42.175018,35.4,5.438426971435547,15.366016387939453
2025-07-13 16:18:43.190727,35.4,5.438564300537109,15.366016387939453
2025-07-13 16:18:44.201895,35.4,5.4384918212890625,15.366016387939453
2025-07-13 16:18:45.216084,35.4,5.438446044921875,15.366016387939453
2025-07-13 16:18:46.235417,35.4,5.4386138916015625,15.366016387939453
2025-07-13 16:18:47.247381,35.4,5.438350677490234,15.366016387939453
2025-07-13 16:18:48.262858,35.4,5.438621520996094,15.366016387939453
2025-07-13 16:18:49.273301,35.4,5.439277648925781,15.366016387939453
2025-07-13 16:18:50.287631,35.4,5.438926696777344,15.366016387939453
2025-07-13 16:18:51.299553,35.4,5.439044952392578,15.366016387939453
2025-07-13 16:18:52.315701,35.4,5.439403533935547,15.366016387939453
2025-07-13 16:18:53.331116,35.4,5.439456939697266,15.366016387939453
2025-07-13 16:18:54.346808,35.4,5.439594268798828,15.366016387939453
2025-07-13 16:18:55.357127,35.4,5.438571929931641,15.366016387939453
2025-07-13 16:18:56.369399,35.4,5.438968658447266,15.366016387939453
2025-07-13 16:18:57.381828,35.4,5.43927001953125,15.366016387939453
2025-07-13 16:18:58.398602,35.4,5.438953399658203,15.366016387939453
2025-07-13 16:18:59.421658,35.4,5.439094543457031,15.366016387939453
2025-07-13 16:19:00.444659,35.4,5.438850402832031,15.366016387939453
2025-07-13 16:19:01.460279,35.4,5.439273834228516,15.366016387939453
2025-07-13 16:19:02.471643,35.4,5.439487457275391,15.366016387939453
2025-07-13 16:19:03.485534,35.4,5.439365386962891,15.366016387939453
2025-07-13 16:19:04.510214,35.4,5.439506530761719,15.366016387939453
2025-07-13 16:19:05.543571,35.4,5.439338684082031,15.366016387939453
2025-07-13 16:19:06.587880,35.4,5.439788818359375,15.366016387939453
2025-07-13 16:19:07.609757,35.4,5.439357757568359,15.366016387939453
2025-07-13 16:19:08.678023,35.4,5.4399566650390625,15.366016387939453
2025-07-13 16:19:09.721991,35.4,5.439693450927734,15.366016387939453
2025-07-13 16:19:10.774030,35.4,5.439929962158203,15.366016387939453
2025-07-13 16:19:11.812276,35.4,5.439605712890625,15.366016387939453
2025-07-13 16:19:12.856337,35.4,5.439674377441406,15.366016387939453
2025-07-13 16:19:13.902909,35.4,5.439884185791016,15.366016387939453
2025-07-13 16:19:14.952899,35.4,5.439750671386719,15.366016387939453
2025-07-13 16:19:15.997905,35.4,5.439582824707031,15.366016387939453
2025-07-13 16:19:17.041623,35.4,5.439502716064453,15.366016387939453
2025-07-13 16:19:18.084450,35.4,5.439365386962891,15.366016387939453
2025-07-13 16:19:19.123821,35.4,5.439476013183594,15.366016387939453
2025-07-13 16:19:20.176885,35.4,5.439239501953125,15.366016387939453
2025-07-13 16:19:21.213378,35.4,5.439109802246094,15.366016387939453
2025-07-13 16:19:22.246983,35.4,5.435291290283203,15.366016387939453
2025-07-13 16:19:23.266328,35.4,5.4378204345703125,15.366016387939453
2025-07-13 16:19:24.326042,35.4,5.437721252441406,15.366016387939453
2025-07-13 16:19:25.367722,35.4,5.433063507080078,15.366016387939453
2025-07-13 16:19:26.423064,35.3,5.431793212890625,15.366016387939453
2025-07-13 16:19:27.430480,35.4,5.432590484619141,15.366016387939453
2025-07-13 16:19:28.444775,35.4,5.433498382568359,15.366016387939453
2025-07-13 16:19:29.457088,35.4,5.433444976806641,15.366016387939453
2025-07-13 16:19:30.471004,35.4,5.433662414550781,15.366016387939453
2025-07-13 16:19:31.487611,35.4,5.433616638183594,15.366016387939453
2025-07-13 16:19:32.502849,35.4,5.433540344238281,15.366016387939453
2025-07-13 16:19:33.525699,35.4,5.4333038330078125,15.366016387939453
2025-07-13 16:19:34.547107,35.4,5.432891845703125,15.366016387939453
2025-07-13 16:19:35.559238,35.4,5.4326171875,15.366016387939453
2025-07-13 16:19:36.572436,35.4,5.432201385498047,15.366016387939453
2025-07-13 16:19:37.584749,35.4,5.431907653808594,15.366016387939453
2025-07-13 16:19:38.604482,35.4,5.432170867919922,15.366016387939453
